-- DIRECTOR
INSERT INTO director (first_name, last_name)
VALUES
('chuck', 'jones'),
('ben', 'washam'),
('bill', 'melendez'),
('bob', 'clark'),
('richard', 'donner'),
('jules', 'bass'),
('arthur', 'rankin jr'),
('troy', 'miller'),
('larry', 'roemer'),
('george', 'seaton'),
('nancy', 'meyers'),
('henry', 'selick'),
('brian', 'levant'),
('chris', 'columbus'),
('jack', 'smight'),
('john', 'pasquin'),
('jon', 'favreau'),
('brady', 'connell'),
('steve', 'hryniewicz'),
('mike', 'bickerton'),
('nicholas', 'berry'),
('jeanette', 'goulbourn'),
('robert', 'zemeckis'),
('richard', 'schenkman'),
('malcolm', 'd lee'),
('jon', 'favreau');

-- PRODUCER
INSERT INTO producer (first_name, last_name)
VALUES
('dr.', 'seuss'),
('chuck', 'jones'),
('lee', 'mendelson'),
('bill', 'melendez'),
('bob', 'clark'),
('gary', 'goth'),
('rene', 'dupont'),
('richard', 'donner'),
('art', 'linson'),
('jules', 'bass'),
('arthur', 'rankin jr'),
('irving', 'azoff'),
('william', 'perlberg'),
('nancy', 'meyers'),
('bruce', 'a block'),
('tim', 'burton'),
('denise', 'di novi'),
('chris', 'columbus'),
('michael', 'barnathan'),
('mark', 'radcliffe'),
('buck', 'houghton'),
('robert', 'newmyer'),
('jeffrey', 'silver'),
('brian', 'reilly'),
('jon', 'berg'),
('todd', 'komarnicki'),
('shauna', 'robertson'),
('brady', 'connell'),
('max', 'swedlow'),
('felicia', 'aaron white'),
('dan', 'cutforth'),
('jane', 'lipsitz'),
('casey', 'kriley'),
('kip', 'madsen'),
('amy', 'hosking'),
('kenzie', 'brooks'),
('anna', 'beattie'),
('samantha', 'beddoes'),
('robert', 'zemeckis'),
('steve', 'starkey'),
('gary', 'goetzman'),
('tom', 'hanks'),
('jack', 'rapke'),
('claudio', 'castravelli'),
('patricia', 'clifford'),
('malcolm', 'd lee'),
('sean', 'daniel'),
('tom', 'jacobson');

-- ACTOR
INSERT INTO actor (first_name, last_name, img_url)
VALUES
('boris', 'karloff', 'boris_karloff.jpg'),
('june', 'foray', 'june_foray.jpg'),
('thurl', 'ravenscroft', 'ravenscroft.jpg'),
('dallas', 'mckennon', 'mckennon.jpg'),
('hans', 'conried', 'hans_conried.jpg'),
('christopher', 'shea', 'shea.jpg'),
('cathy', 'steinberg', 'steinberg.jpg'),
('bill', 'melendez', 'melendez.jpg'),
('peter', 'billingsley', 'billingsley.jpg'),
('darren', 'mcgavin', 'mcgavin.jpg'),
('melinda', 'dillon', 'dillon.jpg'),
('ian', 'petrella', 'ian_petrella.jpg'),
('carol', 'kane', 'carol_kane.jpg'),
('david', 'johansen', 'david_johansen.jpg'),
('bobcat', 'goldthwait', 'bobcat_goldthwait.jpg'),
('mickey', 'rooney', 'mickey_rooney.jpg'),
('shirley', 'booth', 'shirley_booth.jpg'),
('george', 'irving', 'george_irving.jpg'),
('dick','shawn', 'dick_shawn.jpg'),
('bob', 'mcfadden', 'bob_mcfadden.jpg'),
('michael', 'keaton', 'michael_keaton.jpg'),
('kelly', 'preston', 'kelly_preston.jpg'),
('joseph', 'cross', 'joseph_cross.jpg'),
('mark', 'addy', 'mark_addy.jpg'), 
('andrew', 'lawrence', 'andrew_lawrence.jpg'),
('burl', 'ives', 'burl_ives.jpg'), 
('billie', 'richards', 'billie_richards.jpg'),
('paul', 'soles', 'paul_soles.jpg'),
('larry', 'mann', 'larry_mann.jpg'),
('stan', 'francis', 'stan_francis.jpg'),
('fred', 'astaire', 'fred_astaire.jpg'),
('dina', 'lynn', 'dina_lynn.jpg'),
('keenan', 'wynn', 'keenan_wynn.jpg'),
('paul', 'frees', 'paul_frees.jpg'),
('joan', 'gardner', 'joan_gardner.jpg'),
('edmund', 'gwenn', 'edmund_gwenn.jpg'),
('natalie', 'wood', 'natalie_wood.jpg'),
('gene', 'lockhart', 'gene_lockhart.jpg'),
('cameron', 'diaz', 'cameron_diaz.jpg'),
('kate', 'winslet', 'kate_winslet.jpg'),
('jude', 'law', 'jude_law.jpg'),
('jack', 'black', 'jack_black.jpg'),
('eli', 'wallach', 'eli_wallach.jpg'),
('danny', 'elfman', 'danny_elfman.jpg'),
('chris', 'sarandon', 'chris_sarandon.jpg'),
('catherine', 'o''hara', 'catherine_o_hara.jpg'),
('william', 'hickey', 'william_hickey.jpg'),
('glenn', 'shadix', 'glenn_shadix.jpg'),
('jackie', 'vernon', 'jackie_vernon.jpg'), 
('jimmy', 'durante', 'jimmy_durante.jpg'),
('billy', 'de wolfe', 'billy_de_wolfe.jpg'),
('suzanne', 'davidson', 'suzanne_davidson.jpg'),
('greg', 'thomas', 'greg_thomas.jpg'),
('arnold', 'schwarzenegger', 'arnold_schwarzenegger.jpg'),
('sinbad', 'null', 'sinbad.jpg'),
('phil', 'hartman', 'phil_hartman.jpg'),
('rita', 'wilson', 'rita_wilson.jpg'),
('jake', 'lloyd', 'jake_lloyd.jpg'),
('macaulay', 'culkin', 'macaulay_culkin.jpg'),
('joe', 'pesci', 'joe_pesci.jpg'),
('daniel', 'stern', 'daniel_stern.jpg'),
('tim', 'curry', 'tim_curry.jpg'),
('e.g.', 'marshall', 'e.g.marshall.jpg'),
('art', 'carney', 'art_carney.jpg'),
('john', 'fiedler', 'john_fiedler.jpg'),
('robert', 'lieb', 'robert_lieb.jpg'),
('val', 'avery', 'val_avery.jpg'),
('meg', 'wylie', 'meg_wylie.jpg'),
('tim', 'allen', 'tim_allen.jpg'),
('eric', 'lloyd', 'eric_lloyd.jpg');

INSERT INTO actor (first_name, last_name, img_url)
VALUES
('judge', 'reinhold', 'judge_reinhold.jpg'),
('wendy', 'crewson', 'wendy_crewson.jpg'),
('david', 'krumholtz', 'david_krumholtz.jpg'),
('will', 'ferrell', 'will_ferrell.jpg'),
('james', 'caan', 'james_caan.jpg'),
('bob', 'newhart', 'bob_newhart.jpg'),
('ed', 'asner', 'ed_asner.jpg'),
('zooey', 'deschanel', 'zooey_deschanel.jpg'),
('taniya', 'nayak', 'taniya_nayak.jpg'),
('carter', 'oosterhouse', 'carter_oosterhouse.jpg'),
('michael', 'moloney', 'michael_moloney.jpg'),
('sabrina', 'soto', 'sabrina_soto.jpg'),
('brian', 'fairlee', 'brian_fairlee.jpg'),
('nicole', 'byer', 'nicole_byer.jpg'),
('jacques', 'torres', 'jacques_torres.jpg'),
('jason', 'mantzoukas', 'jason_mantzoukas.jpg'),
('fortune', 'feimster', 'fortune_feimster.jpg'),
('charity', 'george', 'charity_george.jpg'),
('bobby', 'berk', 'bobby_berk.jpg'),
('katherine', 'gray', 'katherine_gray.jpg'),
('cat', 'burns', 'cat_burns.jpg'),
('nao', 'yamamoto', 'nao_yamamoto.jpg'),
('alexander', 'rosenberg', 'alexander_rosenberg.jpg'),
('paul', 'hollywood', 'paul_hollywood.jpg'),
('prue', 'leith', 'prue_leith.jpg'),
('noel', 'fielding', 'noel_fielding.jpg'),
('matt', 'lucas', 'matt_lucas.jpg'),
('sandi', 'toksvig', 'sandi_toksvig.jpg'),
('tom', 'hanks', 'tom_hanks.jpg'),
('daryl', 'sabara', 'daryl_sabara.jpg'),
('eddie', 'deezen', 'eddie_deezen.jpg'),
('nona', 'gaye', 'nona_gaye.jpg'),
('michael', 'jeter', 'michael_jeter.jpg'),
('vanessa', 'williams', 'vanessa_williams.jpg'),
('rozonda', 'thomas', 'rozonda_thomas.jpg'),
('john', 'taylor', 'john_taylor.jpg'),
('kathy', 'griffin', 'kathy_griffin.jpg'),
('brian', 'mcnamara', 'brian_mcnamara.jpg'),
('taye', 'diggs', 'taye_diggs.jpg'),
('morris', 'chestnut', 'morris_chestnut.jpg'),
('terrance', 'howard', 'terrance_howard.jpg'),
('nia', 'long', 'nia_long.jpg'),
('sanaa', 'lathan', 'sanaa_lathan.jpg'),
('chevy', 'chase', 'chevy_chase.jpg'),
('beverly', 'd''angelo', 'beverly_d_angelo.jpg'),
('randy', 'quaid', 'randy_quaid.jpg'),
('juliette', 'lewis', 'juliette_lewis.jpg'),
('johnny', 'galecki', 'johnny_galecki.jpg');

-- FORMAT
INSERT INTO format (format)
VALUES
('stop motion animation'),
('live action'),
('2D animation'),
('computer animation');

-- STREAMING PLATFORM
INSERT INTO streaming_platform (streaming_platform)
VALUES
('apple tv+'),
('fubo tv'),
('crtv'),
('disney+'),
('hbo max'),
('hulu'),
('netflix'),
('paramount+'),
('peacock'),
('prime video'),
('youtube');

INSERT INTO program_to_streaming (program_id, streaming_platform_id)
VALUES
(1, 1),
(2, 10),
(3, 4), 
(4, 8), 
(5, 10),  
(6, 9), 
(7, 4),  
(8, 11),  
(9, 3),  
(10, 2),  
(11, 6), 
(12, 8), 
(13, 7),  
(14, 6), 
(15, 4), 
(16, 7), 
(17, 7), 
(18, 10), 
(19, 11), 
(20, 6), 
(21, 8),
(22, 4), 
(23, 8), 
(24, 4), 
(25, 5);

--PROGRAM TO ACTOR
INSERT INTO program_to_actor (program_id, actor_id) 
VALUES
(1, 1),
(1, 2),
(1, 3),
(1, 4),
(1, 5),
(2, 6),
(2, 7),
(2, 8),
(2, 9),
(2, 10),
(3, 11),
(3, 12),
(3, 13),
(3, 14),
(3, 15),
(4, 19),
(4, 20),
(5, 21),
(5, 22),
(5, 23),
(5, 24),
(5, 25),
(6, 26),
(6, 27),
(6, 28),
(6, 29),
(6, 30),
(7, 31),
(7, 32),
(7, 33),
(7, 34),
(7, 35),
(8, 36),
(8, 37),
(8, 38),
(8, 39),
(8, 40),
(9, 41),
(9, 42),
(9, 43),
(9, 44),
(9, 45),
(10, 46),
(10, 47),
(10, 48),
(10, 49),
(10, 50),
(11, 51),
(11, 52),
(11, 53),
(11, 54),
(11, 55),
(12, 56),
(12, 57),
(12, 58),
(12, 59),
(12, 60),
(13, 61),
(13, 62),
(13, 63),
(13, 64),
(13, 65),
(14, 66),
(14, 67),
(14, 68),
(14, 69),
(14, 70),
(15, 71),
(15, 72),
(15, 73),
(15, 74),
(15, 75),
(16, 76),
(16, 77),
(16, 78),
(16, 79),
(16, 80),
(17, 81),
(17, 82),
(17, 83),
(17, 84),
(17, 85),
(18, 86),
(18, 87),
(18, 88),
(18, 89),
(18, 90),
(19, 91),
(19, 92),
(19, 93),
(19, 94),
(19, 95),
(20, 96),
(20, 97),
(20, 98),
(20, 99),
(20, 100),
(21, 101),
(21, 102),
(21, 103),
(21, 104),
(21, 105),
(22, 106),
(22, 107),
(22, 108),
(22, 109),
(22, 110),
(23, 111),
(23, 112),
(23, 113),
(23, 114),
(23, 115),
(24, 116),
(24, 117),
(24, 118);

--PROGRAM TO PRODUCER
INSERT INTO program_to_producer (program_id, pd_id)
    VALUES
    (1, 1),
    (1, 2),
    (2, 3),
    (2, 4),
    (3, 5),
    (3, 6),
    (4, 7),
    (4, 8),
    (4, 9),
    (5, 10),
    (5, 11),
    (5, 12),
    (6, 47),
    (6, 48),
    (7, 10),
    (7, 11),
    (8, 10),
    (8, 11),
    (9, 13),
    (9, 14),
    (10, 14),
    (10, 15),
    (11, 16),
    (11, 17),
    (12, 3),
    (12, 4),
    (13, 47),
    (13, 48),
    (14, 18),
    (14, 19),
    (14, 20),
    (15, 21),
    (16, 22),
    (16, 23),
    (16, 24),
    (17, 25),
    (17, 26),
    (17, 27),
    (18, 28),
    (18, 29),
    (19, 30),
    (19, 31),
    (19, 32),
    (19, 33),
    (20, 34),
    (20, 35),
    (20, 36),
    (20, 37),
    (21, 37),
    (21, 38),
    (22, 39),
    (22, 40),
    (22, 41),
    (22, 42),
    (22, 43),
    (23, 44),
    (23, 45),
    (24, 46),
    (24, 47),
    (25, 47),
    (25, 48);

    --PROGRAM TO DIRECTOR
INSERT INTO program_to_director (program_id, director_id)   
    VALUES
    (1, 1),
    (1, 2),
    (2, 3),
    (3, 4),
    (4, 5),
    (5, 6),
    (5, 7),
    (6, 13),
    (7, 6),
    (7, 7),
    (8, 6),
    (8, 7),
    (10, 11),
    (11, 12),
    (12, 13),
    (13, 14),
    (14, 14),
    (15, 15),
    (16, 16),
    (17, 17),
    (18, 18),
    (19, 19),
    (20, 20),
    (21, 21),
    (22, 22),
    (23, 23),
    (24, 24),
    (25, 26);


--PROGRAMS
INSERT INTO program (title, psnl_rting, runtime, pgr_rting, yr_released, frmt_id, pd_id, img_url, descr)
VALUES
('how the grinch stole christmas', 9, '00:26:00', 'G', 1966, 1, 1, 'grinch.jpg', 'On Christmas Eve, the Grinch, a grouchy and solitary creature, hatches a plan to steal Christmas from the cheerful Whos of Whoville, only to discover the true spirit of the holiday.'),
('a charlie brown christmas', 8, '00:25:00', 'G', 1965, 3, 2, 'charlie_brown.jpg', 'Depressed at the commercialism he sees around him, Charlie Brown tries to find the true meaning of Christmas with help from his friends and a little tree that needs some love.'),
('a christmas story', 9, '01:34:00', 'PG', 1983, 2, 5, 'christmas_story.jpg', 'In the 1940s, a young boy named Ralphie dreams of receiving a Red Ryder BB gun for Christmas, despite warnings that he''ll shoot his eye out.'),
('scrooged', 7, '01:37:00', 'PG-13', 1988, 2, 17, 'scrooged.jpg', 'A cynical and selfish television executive is visited by three ghosts on Christmas Eve who help him rediscover the true meaning of Christmas.'),
('a year without a santa claus', 7, '00:51:00', 'G', 1974, 1, 4, 'year_without_santa.jpg', 'Santa Claus decides to take a year off from delivering presents, prompting two elves to try to convince him to return to his duties.'),
('jack frost', 5, '01:39:00', 'PG', 1998, 2, 33, 'jack_frost.jpg', 'A father who dies in a car accident returns as a snowman to reconnect with his son and make up for lost time.'),
('rudolph the red-nosed reindeer', 8, '00:50:00', 'G', 1964, 1, 2, 'rudolph.jpg', 'Rudolph, a reindeer with a glowing red nose, overcomes ridicule and adversity to become a hero on Christmas Eve.'),
('santa claus is coming to town', 8, '00:51:00', 'G', 1970, 1, 6, 'santa_claus_coming_to_town.jpg', 'The origin story of Santa Claus, from his childhood as an orphan to his transformation into the beloved gift-giver.'),
('miracle on 34th street', 9, '01:36:00', 'G', 1947, 2, 7, 'miracle_on_34th_street.jpg', 'A department store Santa claims to be the real Kris Kringle, leading to a court case to determine his authenticity.'),
('the holiday', 8, '02:16:00', 'PG-13', 2006, 2, 15, 'the_holiday.jpg', 'Two women from different countries swap homes for the holidays to escape their relationship woes, only to find new romance in unexpected places.'),
('the nightmare before christmas', 9, '01:16:00', 'PG', 1993, 1, 16, 'nightmare_before_christmas.jpg', 'Jack Skellington, king of Halloween Town, stumbles through a portal to Christmas Town and decides to celebrate the holiday with some unexpected and frightening results.'),
('frosty the snowman', 7, '00:25:00', 'G', 1969, 1, 3, 'frosty.jpg', 'A group of children bring a snowman to life with a magical hat, but they must help him get to the North Pole before he melts.'),
('jingle all the way', 6, '01:29:00', 'PG', 1996, 2, 32, 'jingle_all_the_way.jpg', 'A father frantically searches for a sold-out action figure on Christmas Eve to fulfill a promise to his son.'),
('home alone 2: lost in new york', 7, '02:00:00', 'PG', 1992, 2, 25, 'home_alone_2.jpg', 'Kevin McCallister gets separated from his family during their Christmas vacation and ends up in New York City, where he must outwit the same burglars from the first film.'),
('twilight zone: the night of the meek', 8, '00:25:00', 'G', 1960, 2, 9, 'twilight_zone_night_of_the_meek.jpg', 'A down-and-out department store Santa finds a magical bag that provides him with endless gifts, leading to unexpected consequences.'),
('the santa clause', 8, '01:37:00', 'PG', 1994, 2, 29, 'santa_clause.jpg', 'After accidentally causing Santa Claus to fall from his roof, a man finds himself magically recruited to take his place.'),
('elf', 8, '01:37:00', 'PG', 2003, 2, 28, 'elf.jpg', 'After discovering he is actually a human, a man raised as an elf at the North Pole travels to New York City to find his biological father and spread Christmas cheer.'),
('the great christmas light fight', 7, '01:00:00', 'G', 2013, 2, 40, 'great_christmas_light_fight.jpg', 'Families across America compete to create the most dazzling and elaborate Christmas light displays in this festive competition.'),
('nailed it: holiday', 6, '00:30:00', 'PG', 2018, 4, 39, 'nailed_it_holiday.jpg', 'Bakers with a track record of epic fails attempt to recreate intricate holiday-themed cakes and confections for a cash prize.'),
('blown away: holiday', 7, '01:00:00', 'G', 2019, 4, 37, 'blown_away_holiday.jpg', 'Glassblowers create stunning holiday-themed pieces in a series of competitive challenges.'),
('the british baking show: holidays', 8, '01:00:00', 'G', 2020, 3, 38, 'british_baking_show_holidays.jpg', 'Bakers from the UK compete in festive challenges to be crowned the best holiday baker.'),
('the polar express', 8, '01:40:00', 'G', 2004, 4, 22, 'polar_express.jpg', 'On Christmas Eve, a young boy boards a magical train that is headed to the North Pole and embarks on an extraordinary adventure.'),
('a diva s christmas carol', 6, '01:30:00', 'PG', 2000, 2, 21, 'divas_christmas_carol.jpg', 'A famous and selfish singer is visited by three spirits on Christmas Eve who help her rediscover the true meaning of the holiday.'),
('the best man: holiday', 7, '02:18:00', 'R', 2013, 2, 24, 'best_man_holiday.jpg', 'Old college friends reunite over the Christmas holidays, leading to rekindled romances and unresolved tensions.'),
('national lampoon''s christmas vacation', 8, '01:37:00', 'PG-13', 1989, 2, 19, 'christmas_vacation.jpg', 'The Griswold family''s plans for a perfect Christmas are derailed by unexpected guests and holiday mishaps.');






